name,continent,capital,largestcity,currency,language,population,landarea,agriculturearea,forestarea,co2emissions,image
Afghanistan,Asia,Kabul,Kabul,AFN,Pashto,"38,041,754","652,230",58.10%,2.10%,"8,672",https://expertvagabond.com/wp-content/uploads/afghanistan-wakhan-baba-tangi-900x600.jpg
Albania,Europe,Tirana,Tirana,ALL,Albanian,"2,854,191","28,748",43.10%,28.10%,"4,536",https://images.unsplash.com/photo-1529592767881-c6bb394eb83d?crop=entropy&cs=tinysrgb&fit=max&fm=jpg&ixid=M3w2NjY4NjN8MHwxfHNlYXJjaHwxfHxBbGJhbmlhfGVufDB8fHx8MTcyOTQyNzc4OXww&ixlib=rb-4.0.3&q=80&w=1080
Algeria,Africa,Algiers,Algiers,DZD,Arabic,"43,053,054","2,381,741",17.40%,0.80%,"150,006",https://medias.lavie.fr/api/v1/images/view/668d3e8c8538b77306514c2a/width_1000/image.jpg
Andorra,Europe,Andorra la Vella,Andorra la Vella,EUR,Catalan,"77,142",468,40.00%,34.00%,469,https://images.unsplash.com/photo-1703252293659-97a00ecb827b?crop=entropy&cs=tinysrgb&fit=max&fm=jpg&ixid=M3w2NjY4NjN8MHwxfHNlYXJjaHwxfHxBbmRvcnJhfGVufDB8fHx8MTcyOTQyNzc4OXww&ixlib=rb-4.0.3&q=80&w=1080
Angola,Africa,Luanda,Luanda,AOA,Portuguese,"31,825,295","1,246,700",47.50%,46.30%,"34,693",https://visitworld.today/media/country/image/desktop_image/7U9CKdWC1Hpj91jzn5amtCuwO0TCXwuvLb5HHOXV.webp
Antigua and Barbuda,North America,"St. John's, Saint John","St. John's, Saint John",XCD,English,"97,118",443,20.50%,22.30%,557,https://images.unsplash.com/photo-1706105551132-b78c2483c267?crop=entropy&cs=tinysrgb&fit=max&fm=jpg&ixid=M3w2NjY4NjN8MHwxfHNlYXJjaHwxfHxBbnRpZ3VhJTIwYW5kJTIwQmFyYnVkYXxlbnwwfHx8fDE3Mjk0Mjc3OTB8MA&ixlib=rb-4.0.3&q=80&w=1080
Argentina,South America,Buenos Aires,Buenos Aires,ARS,Spanish,"44,938,712","2,780,400",54.30%,9.80%,"201,348",https://images.unsplash.com/photo-1495317823589-e67efe1524b0?crop=entropy&cs=tinysrgb&fit=max&fm=jpg&ixid=M3w2NjY4NjN8MHwxfHNlYXJjaHwxfHxBcmdlbnRpbmF8ZW58MHx8fHwxNzI5NDI3NzkwfDA&ixlib=rb-4.0.3&q=80&w=1080
Armenia,Europe,Yerevan,Yerevan,AMD,Armenian,"2,957,731","29,743",58.90%,11.70%,"5,156",https://images.unsplash.com/photo-1528663775703-dba64f806cd1?crop=entropy&cs=tinysrgb&fit=max&fm=jpg&ixid=M3w2NjY4NjN8MHwxfHNlYXJjaHwxfHxBcm1lbmlhfGVufDB8fHx8MTcyOTQyNzc5MHww&ixlib=rb-4.0.3&q=80&w=1080
Australia,Oceania,Canberra,Sydney,AUD,English,"25,766,605","7,741,220",48.20%,16.30%,"375,908",https://reisetips.nettavisen.no/content/uploads/sites/2/2022/03/iStock-497778218.jpg
Austria,Europe,Vienna,Vienna,EUR,German,"8,877,067","83,871",32.40%,46.90%,"61,448",https://images.unsplash.com/photo-1520503922584-590e8f7a90d7?crop=entropy&cs=tinysrgb&fit=max&fm=jpg&ixid=M3w2NjY4NjN8MHwxfHNlYXJjaHwxfHxBdXN0cmlhfGVufDB8fHx8MTcyOTQyNzc5MXww&ixlib=rb-4.0.3&q=80&w=1080
Azerbaijan,Europe,Baku,Baku,AZN,Azerbaijani language,"10,023,318","86,600",57.70%,14.10%,"37,620",https://i.natgeofe.com/k/33f704a3-503f-49fa-9669-4ff033af739e/azerbaijan-buildings.jpg?wp=1&w=1084.125&h=609
Bahrain,Asia,Manama,Riffa,BHD,Arabic,"1,501,635",765,11.10%,0.80%,"31,694",https://upload.wikimedia.org/wikipedia/commons/thumb/f/f2/Bahrain_World_trade_Center_.jpg/640px-Bahrain_World_trade_Center_.jpg
Bangladesh,Asia,Dhaka,Dhaka,BDT,Bengali,"167,310,838","148,460",70.60%,11.00%,"84,246",https://www.kayak.no/rimg/dimg/c9/06/8d4fe0d8-city-28030-164fcc3b65d.jpg?width=1600&height=1200&xhint=2052&yhint=1839&crop=true
Barbados,North America,Bridgetown,Bridgetown,BBD,English,"287,025",430,23.30%,14.70%,"1,276",https://images.unsplash.com/photo-1685547798537-887410239676?crop=entropy&cs=tinysrgb&fit=max&fm=jpg&ixid=M3w2NjY4NjN8MHwxfHNlYXJjaHwxfHxCYXJiYWRvc3xlbnwwfHx8fDE3Mjk0Mjc3OTF8MA&ixlib=rb-4.0.3&q=80&w=1080
Belarus,Europe,Minsk,Minsk,BYN,Russian,"9,466,856","207,600",42.00%,42.60%,"58,280",https://www.belarus.by/bimages/002438_990547.jpg
Belgium,Europe,City of Brussels,Brussels,EUR,French,"11,484,055","30,528",44.60%,22.60%,"96,889",https://images.unsplash.com/photo-1491557345352-5929e343eb89?crop=entropy&cs=tinysrgb&fit=max&fm=jpg&ixid=M3w2NjY4NjN8MHwxfHNlYXJjaHwxfHxCZWxnaXVtfGVufDB8fHx8MTcyOTQyNzc5Mnww&ixlib=rb-4.0.3&q=80&w=1080
Belize,North America,Belmopan,Belize City,BZD,English,"390,353","22,966",7.00%,59.70%,568,https://images.unsplash.com/photo-1585537358069-c67a7a471cd0?crop=entropy&cs=tinysrgb&fit=max&fm=jpg&ixid=M3w2NjY4NjN8MHwxfHNlYXJjaHwxfHxCZWxpemV8ZW58MHx8fHwxNzI5NDI3NzkyfDA&ixlib=rb-4.0.3&q=80&w=1080
Benin,Africa,Porto-Novo,Cotonou,XOF,French,"11,801,151","112,622",33.30%,37.80%,"6,476",https://images.unsplash.com/photo-1445262514300-c58bfa7d9557?crop=entropy&cs=tinysrgb&fit=max&fm=jpg&ixid=M3w2NjY4NjN8MHwxfHNlYXJjaHwxfHxCZW5pbnxlbnwwfHx8fDE3Mjk0Mjc3OTJ8MA&ixlib=rb-4.0.3&q=80&w=1080
Bhutan,Asia,Thimphu,Thimphu,BTN,Dzongkha,"727,145","38,394",13.60%,72.50%,"1,261",https://images.unsplash.com/photo-1532008779255-4b4dd2668c84?crop=entropy&cs=tinysrgb&fit=max&fm=jpg&ixid=M3w2NjY4NjN8MHwxfHNlYXJjaHwxfHxCaHV0YW58ZW58MHx8fHwxNzI5NDI3NzkzfDA&ixlib=rb-4.0.3&q=80&w=1080
Bolivia,South America,Sucre,Santa Cruz de la Sierra,BOB,Spanish,"11,513,100","1,098,581",34.80%,50.30%,"21,606",https://www.fringinto.com/wp-content/uploads/2024/04/visiter-la-paz-bolivie.jpg
Bosnia and Herzegovina,Europe,Sarajevo,Tuzla Canton,BAM,Bosnian,"3,301,000","51,197",43.10%,42.70%,"21,848",https://images.unsplash.com/photo-1536269000461-da6a93f2b678?crop=entropy&cs=tinysrgb&fit=max&fm=jpg&ixid=M3w2NjY4NjN8MHwxfHNlYXJjaHwxfHxCb3NuaWElMjBhbmQlMjBIZXJ6ZWdvdmluYXxlbnwwfHx8fDE3Mjk0Mjc3OTN8MA&ixlib=rb-4.0.3&q=80&w=1080
Botswana,Africa,Gaborone,Gaborone,BWP,English,"2,346,179","581,730",45.60%,18.90%,"6,340",https://images.unsplash.com/photo-1534528489707-ef61ee67b566?crop=entropy&cs=tinysrgb&fit=max&fm=jpg&ixid=M3w2NjY4NjN8MHwxfHNlYXJjaHwxfHxCb3Rzd2FuYXxlbnwwfHx8fDE3Mjk0Mjc3OTR8MA&ixlib=rb-4.0.3&q=80&w=1080
Brazil,South America,Brasília,São Paulo,BRL,Portuguese,"212,559,417","8,515,770",33.90%,58.90%,"462,299",https://images.unsplash.com/photo-1483729558449-99ef09a8c325?crop=entropy&cs=tinysrgb&fit=max&fm=jpg&ixid=M3w2NjY4NjN8MHwxfHNlYXJjaHwxfHxCcmF6aWx8ZW58MHx8fHwxNzI5NDI3Nzk0fDA&ixlib=rb-4.0.3&q=80&w=1080
Brunei,Asia,Bandar Seri Begawan,,BND,Malay,"433,285","5,765",2.70%,72.10%,"7,664",https://images.unsplash.com/photo-1580979443662-13a976bd7632?crop=entropy&cs=tinysrgb&fit=max&fm=jpg&ixid=M3w2NjY4NjN8MHwxfHNlYXJjaHwxfHxCcnVuZWl8ZW58MHx8fHwxNzI5NDI3Nzk0fDA&ixlib=rb-4.0.3&q=80&w=1080
Bulgaria,Europe,Sofia,Sofia,BGN,Bulgarian,"6,975,761","110,879",46.30%,35.40%,"41,708",https://www.balkantrails.com/wp-content/uploads/2024/05/Bulgaria-Travel-Guide-the-most-memorable-landmarks-and-must-see-destinations_BalkanTrails_1-1024x536.jpg
Burundi,Africa,Bujumbura,Bujumbura,BIF,Kirundi,"11,530,580","27,830",79.20%,10.90%,495,https://images.unsplash.com/photo-1675975678950-86576d108c3e?crop=entropy&cs=tinysrgb&fit=max&fm=jpg&ixid=M3w2NjY4NjN8MHwxfHNlYXJjaHwxfHxCdXJ1bmRpfGVufDB8fHx8MTcyOTQyNzc5NXww&ixlib=rb-4.0.3&q=80&w=1080
Ivory Coast,Africa,Yamoussoukro,Abidjan,XOF,French,"25,716,544","322,463",64.80%,32.70%,"9,674",https://www.afrik21.africa/wp-content/uploads/2023/09/Abidjan-1-800x400.jpg
Cape Verde,Africa,Praia,Praia,CVE,Portuguese,"483,628","4,033",19.60%,22.50%,543,https://images.unsplash.com/photo-1544883549-3ceee3fbfb58?crop=entropy&cs=tinysrgb&fit=max&fm=jpg&ixid=M3w2NjY4NjN8MHwxfHNlYXJjaHwxfHxDYXBlJTIwVmVyZGV8ZW58MHx8fHwxNzI5NDI3Nzk1fDA&ixlib=rb-4.0.3&q=80&w=1080
Cambodia,Asia,Phnom Penh,Phnom Penh,KHR,Khmer language,"16,486,542","181,035",30.90%,52.90%,"9,919",https://www.eyeonasia.gov.sg/images/asean-countries/Cambodia%20snapshot%20cover.jpg
Cameroon,Africa,Yaoundé,Douala,XAF,French,"25,876,380","475,440",20.60%,39.30%,"8,291",https://images.unsplash.com/photo-1474302173007-293973cab927?crop=entropy&cs=tinysrgb&fit=max&fm=jpg&ixid=M3w2NjY4NjN8MHwxfHNlYXJjaHwxfHxDYW1lcm9vbnxlbnwwfHx8fDE3Mjk0Mjc3OTZ8MA&ixlib=rb-4.0.3&q=80&w=1080
Canada,North America,Ottawa,Toronto,CAD,French,"36,991,981","9,984,670",6.90%,38.20%,"544,894",https://images.unsplash.com/photo-1506104489822-562ca25152fe?crop=entropy&cs=tinysrgb&fit=max&fm=jpg&ixid=M3w2NjY4NjN8MHwxfHNlYXJjaHwxfHxDYW5hZGF8ZW58MHx8fHwxNzI5NDI3Nzk2fDA&ixlib=rb-4.0.3&q=80&w=1080
Central African Republic,Africa,Bangui,Bangui,XAF,French,"4,745,185","622,984",8.20%,35.60%,297,https://images.unsplash.com/photo-1605859440670-0c32c5d73a6f?crop=entropy&cs=tinysrgb&fit=max&fm=jpg&ixid=M3w2NjY4NjN8MHwxfHNlYXJjaHwxfHxDZW50cmFsJTIwQWZyaWNhbiUyMFJlcHVibGljfGVufDB8fHx8MTcyOTQyNzc5Nnww&ixlib=rb-4.0.3&q=80&w=1080
Chad,Africa,N'Djamena,N'Djamena,XAF,French,"15,946,876","1,284,000",39.70%,3.80%,"1,016",https://encrypted-tbn0.gstatic.com/images?q=tbn:ANd9GcSEoR32ih_BJUR_pKIRxExGnIpr8MNZb-NPolrE8BnyRPjhq7nisV8S0T5NCCnEa7mcjOE&usqp=CAU
Chile,South America,Santiago,Santiago,CLP,Spanish,"18,952,038","756,096",21.20%,24.30%,"85,822",https://images.unsplash.com/photo-1443479579455-1860f114bf77?crop=entropy&cs=tinysrgb&fit=max&fm=jpg&ixid=M3w2NjY4NjN8MHwxfHNlYXJjaHwxfHxDaGlsZXxlbnwwfHx8fDE3Mjk0Mjc3OTd8MA&ixlib=rb-4.0.3&q=80&w=1080
China,Asia,Beijing,Shanghai,CNY,Standard Chinese,"1,397,715,000","9,596,960",56.20%,22.40%,"9,893,038",https://cdn.britannica.com/89/179589-138-3EE27C94/Overview-Great-Wall-of-China.jpg?w=800&h=450&c=crop
Colombia,South America,Bogotá,Bogotá,COP,Spanish,"50,339,443","1,138,910",40.30%,52.70%,"97,814",https://images.unsplash.com/photo-1534413340928-7bd74b65196f?crop=entropy&cs=tinysrgb&fit=max&fm=jpg&ixid=M3w2NjY4NjN8MHwxfHNlYXJjaHwxfHxDb2xvbWJpYXxlbnwwfHx8fDE3Mjk0Mjc3OTd8MA&ixlib=rb-4.0.3&q=80&w=1080
Comoros,Africa,"Moroni, Comoros","Moroni, Comoros",KMF,French,"850,886","2,235",71.50%,19.70%,202,https://images.unsplash.com/photo-1663699788269-a35b98e75074?crop=entropy&cs=tinysrgb&fit=max&fm=jpg&ixid=M3w2NjY4NjN8MHwxfHNlYXJjaHwxfHxDb21vcm9zfGVufDB8fHx8MTcyOTQyNzc5N3ww&ixlib=rb-4.0.3&q=80&w=1080
Costa Rica,North America,San José,San José,CRC,Spanish,"5,047,561","51,100",34.50%,54.60%,"8,023",https://images.unsplash.com/photo-1582218290380-ae58573670e3?crop=entropy&cs=tinysrgb&fit=max&fm=jpg&ixid=M3w2NjY4NjN8MHwxfHNlYXJjaHwxfHxDb3N0YSUyMFJpY2F8ZW58MHx8fHwxNzI5NDI3Nzk4fDA&ixlib=rb-4.0.3&q=80&w=1080
Croatia,Europe,Zagreb,Zagreb,HRK,Croatian,"4,067,500","56,594",27.60%,34.40%,"17,488",https://images.unsplash.com/photo-1454452176678-c0437432bba6?crop=entropy&cs=tinysrgb&fit=max&fm=jpg&ixid=M3w2NjY4NjN8MHwxfHNlYXJjaHwxfHxDcm9hdGlhfGVufDB8fHx8MTcyOTQyNzc5OHww&ixlib=rb-4.0.3&q=80&w=1080
Cuba,North America,Havana,Havana,CUP,Spanish,"11,333,483","110,860",59.90%,31.30%,"28,284",https://images.unsplash.com/photo-1530779189757-4a7734852dfd?crop=entropy&cs=tinysrgb&fit=max&fm=jpg&ixid=M3w2NjY4NjN8MHwxfHNlYXJjaHwxfHxDdWJhfGVufDB8fHx8MTcyOTQyNzc5OHww&ixlib=rb-4.0.3&q=80&w=1080
Cyprus,Europe,Nicosia,Nicosia,EUR,Greek,"1,198,575","9,251",12.20%,18.70%,"6,626",https://images.unsplash.com/photo-1468649437954-f86751c119b6?crop=entropy&cs=tinysrgb&fit=max&fm=jpg&ixid=M3w2NjY4NjN8MHwxfHNlYXJjaHwxfHxDeXBydXN8ZW58MHx8fHwxNzI5NDI3Nzk4fDA&ixlib=rb-4.0.3&q=80&w=1080
Denmark,Europe,Copenhagen,Copenhagen,DKK,Danish,"5,818,553","43,094",62.00%,14.70%,"31,786",https://images.unsplash.com/photo-1513622470522-26c3c8a854bc?crop=entropy&cs=tinysrgb&fit=max&fm=jpg&ixid=M3w2NjY4NjN8MHwxfHNlYXJjaHwxfHxEZW5tYXJrfGVufDB8fHx8MTcyOTQyNzc5OXww&ixlib=rb-4.0.3&q=80&w=1080
Djibouti,Africa,Djibouti City,Djibouti City,DJF,French,"973,560","23,200",73.40%,0.20%,620,https://images.unsplash.com/photo-1659947446191-e8c8073130ef?crop=entropy&cs=tinysrgb&fit=max&fm=jpg&ixid=M3w2NjY4NjN8MHwxfHNlYXJjaHwxfHxEamlib3V0aXxlbnwwfHx8fDE3Mjk0Mjc3OTl8MA&ixlib=rb-4.0.3&q=80&w=1080
Dominica,North America,Roseau,Roseau,XCD,English,"71,808",751,33.30%,57.40%,180,https://static01.nyt.com/images/2024/03/09/travel/00dominica1-mfkj/00dominica1-mfkj-mediumSquareAt3X.jpg
Dominican Republic,North America,Santo Domingo,Santo Domingo,DOP,Spanish,"10,738,958","48,670",48.70%,41.70%,"25,258",https://images.unsplash.com/photo-1663308417909-0e3ed78f868f?crop=entropy&cs=tinysrgb&fit=max&fm=jpg&ixid=M3w2NjY4NjN8MHwxfHNlYXJjaHwxfHxEb21pbmljYW4lMjBSZXB1YmxpY3xlbnwwfHx8fDE3Mjk0Mjc3OTl8MA&ixlib=rb-4.0.3&q=80&w=1080
Ecuador,South America,Quito,Quito,USD,Spanish,"17,373,662","283,561",22.20%,50.20%,"41,155",https://images.unsplash.com/photo-1504038154755-752b537dddd0?crop=entropy&cs=tinysrgb&fit=max&fm=jpg&ixid=M3w2NjY4NjN8MHwxfHNlYXJjaHwxfHxFY3VhZG9yfGVufDB8fHx8MTcyOTQyNzgwMHww&ixlib=rb-4.0.3&q=80&w=1080
Egypt,Africa,Cairo,Cairo,EGP,Modern Standard Arabic,"100,388,073","1,001,450",3.80%,0.10%,"238,560",https://images.unsplash.com/photo-1539768942893-daf53e448371?crop=entropy&cs=tinysrgb&fit=max&fm=jpg&ixid=M3w2NjY4NjN8MHwxfHNlYXJjaHwxfHxFZ3lwdHxlbnwwfHx8fDE3Mjk0Mjc4MDB8MA&ixlib=rb-4.0.3&q=80&w=1080
El Salvador,North America,San Salvador,San Salvador,SVC,Spanish,"6,453,553","21,041",76.40%,12.60%,"7,169",https://images.unsplash.com/photo-1675229165215-339f564d86d3?crop=entropy&cs=tinysrgb&fit=max&fm=jpg&ixid=M3w2NjY4NjN8MHwxfHNlYXJjaHwxfHxFbCUyMFNhbHZhZG9yfGVufDB8fHx8MTcyOTQyNzgwMHww&ixlib=rb-4.0.3&q=80&w=1080
Equatorial Guinea,Africa,Malabo,Malabo,XAF,Spanish,"1,355,986","28,051",10.10%,55.50%,"5,655",https://images.unsplash.com/photo-1663296160051-ffbe378faedf?crop=entropy&cs=tinysrgb&fit=max&fm=jpg&ixid=M3w2NjY4NjN8MHwxfHNlYXJjaHwxfHxFcXVhdG9yaWFsJTIwR3VpbmVhfGVufDB8fHx8MTcyOTQyNzgwMHww&ixlib=rb-4.0.3&q=80&w=1080
Eritrea,Africa,Asmara,Asmara,ERN,Tigrinya,"6,333,135","117,600",75.20%,14.90%,711,https://globalsanctions.com/wp-content/uploads/2014/10/shutterstock_124473046-600x398.jpg
Estonia,Europe,Tallinn,Tallinn,EUR,Estonian,"1,331,824","45,228",23.10%,51.30%,"16,590",https://images.unsplash.com/photo-1585910166082-b505ca55cd14?crop=entropy&cs=tinysrgb&fit=max&fm=jpg&ixid=M3w2NjY4NjN8MHwxfHNlYXJjaHwxfHxFc3RvbmlhfGVufDB8fHx8MTcyOTcwNzEwM3ww&ixlib=rb-4.0.3&q=80&w=400
Ethiopia,Africa,Addis Ababa,Addis Ababa,ETB,Amharic,"112,078,730","1,104,300",36.30%,12.50%,"14,870",https://images.unsplash.com/photo-1555488410-ce955d52dece?crop=entropy&cs=tinysrgb&fit=max&fm=jpg&ixid=M3w2NjY4NjN8MHwxfHNlYXJjaHwxfHxFdGhpb3BpYXxlbnwwfHx8fDE3Mjk3MDcxMDN8MA&ixlib=rb-4.0.3&q=80&w=400
Fiji,Oceania,Suva,Suva,FJD,Fiji Hindi,"889,953","18,274",23.30%,55.90%,"2,046",https://images.unsplash.com/photo-1530736822234-c8562cb0a710?crop=entropy&cs=tinysrgb&fit=max&fm=jpg&ixid=M3w2NjY4NjN8MHwxfHNlYXJjaHwxfHxGaWppfGVufDB8fHx8MTcyOTcwNzEwNHww&ixlib=rb-4.0.3&q=80&w=400
Finland,Europe,Helsinki,Helsinki,EUR,Swedish,"5,520,314","338,145",7.50%,73.10%,"45,871",https://images.unsplash.com/photo-1522885147691-06d859633fb8?crop=entropy&cs=tinysrgb&fit=max&fm=jpg&ixid=M3w2NjY4NjN8MHwxfHNlYXJjaHwxfHxGaW5sYW5kfGVufDB8fHx8MTcyOTcwNzEwNHww&ixlib=rb-4.0.3&q=80&w=400
France,Europe,Paris,Paris,EUR,French,"67,059,887","643,801",52.40%,31.20%,"303,276",https://images.unsplash.com/photo-1525218291292-e46d2a90f77c?crop=entropy&cs=tinysrgb&fit=max&fm=jpg&ixid=M3w2NjY4NjN8MHwxfHNlYXJjaHwxfHxGcmFuY2V8ZW58MHx8fHwxNzI5NzA3MTA0fDA&ixlib=rb-4.0.3&q=80&w=400
Gabon,Africa,Libreville,Libreville,XAF,French,"2,172,579","267,667",20.00%,90.00%,"5,321",https://media.istockphoto.com/id/184443531/photo/tropicana-beach.jpg?s=612x612&w=0&k=20&c=02JgnaaZ3KeiuYfm6N8SBjLPNoRWqTbsEGqt1PiPaC0=
Georgia,Europe,Tbilisi,Tbilisi,GEL,Georgian,"3,720,382","69,700",34.50%,40.60%,"10,128",https://images.unsplash.com/photo-1549466785-f5c1771646cc?crop=entropy&cs=tinysrgb&fit=max&fm=jpg&ixid=M3w2NjY4NjN8MHwxfHNlYXJjaHwxfHxHZW9yZ2lhfGVufDB8fHx8MTcyOTcwNzEwNXww&ixlib=rb-4.0.3&q=80&w=400
Germany,Europe,Berlin,Berlin,EUR,German,"83,132,799","357,022",47.70%,32.70%,"727,973",https://images.unsplash.com/photo-1467269204594-9661b134dd2b?crop=entropy&cs=tinysrgb&fit=max&fm=jpg&ixid=M3w2NjY4NjN8MHwxfHNlYXJjaHwxfHxHZXJtYW55fGVufDB8fHx8MTcyOTcwNzEwNXww&ixlib=rb-4.0.3&q=80&w=400
Ghana,Africa,Accra,Accra,GHS,English,"30,792,608","238,533",69.00%,41.20%,"16,670",https://www.outlooktravelmag.com/media/ghana-th-1024x589.png
Greece,Europe,Athens,Macedonia,EUR,Greek,"10,716,322","131,957",47.60%,31.70%,"62,434",https://images.unsplash.com/photo-1497262693247-aa258f96c4f5?crop=entropy&cs=tinysrgb&fit=max&fm=jpg&ixid=M3w2NjY4NjN8MHwxfHNlYXJjaHwxfHxHcmVlY2V8ZW58MHx8fHwxNzI5NzA3MTA2fDA&ixlib=rb-4.0.3&q=80&w=400
Grenada,North America,"St. George's, Grenada","St. George's, Grenada",XCD,English,"112,003",349,23.50%,50.00%,268,https://media.snl.no/media/192530/standard_Grenada2010_1_.jpg
Guatemala,North America,Guatemala City,Guatemala City,GTQ,Spanish,"16,604,026","108,889",36.00%,32.70%,"16,777",https://images.unsplash.com/photo-1659478339443-a3636f0f6080?crop=entropy&cs=tinysrgb&fit=max&fm=jpg&ixid=M3w2NjY4NjN8MHwxfHNlYXJjaHwxfHxHdWF0ZW1hbGF8ZW58MHx8fHwxNzI5NzA3MTA2fDA&ixlib=rb-4.0.3&q=80&w=400
Guinea,Africa,Conakry,Kankan,GNF,French,"12,771,246","245,857",59.00%,25.80%,"2,996",https://globalsanctions.com/wp-content/uploads/2023/09/Guinea_Flightseeing-Germany_Shutterstock.jpg
Guinea-Bissau,Africa,Bissau,Bissau,XOF,Portuguese,"1,920,922","36,125",58.00%,69.80%,293,https://images.unsplash.com/photo-1623930376524-ead3734be423?crop=entropy&cs=tinysrgb&fit=max&fm=jpg&ixid=M3w2NjY4NjN8MHwxfHNlYXJjaHwxfHxHdWluZWEtQmlzc2F1fGVufDB8fHx8MTcyOTcwNzEwN3ww&ixlib=rb-4.0.3&q=80&w=400
Guyana,South America,"Georgetown, Guyana","Georgetown, Guyana",GYD,English,"782,766","214,969",8.60%,83.90%,"2,384",https://dynamic-media-cdn.tripadvisor.com/media/photo-o/04/74/14/2f/devil-s-island.jpg?w=1200&h=700&s=1
Haiti,North America,Port-au-Prince,Port-au-Prince,HTG,French,"11,263,077","27,750",66.80%,3.50%,"2,978",https://images.unsplash.com/photo-1532368946481-86c4303674ea?crop=entropy&cs=tinysrgb&fit=max&fm=jpg&ixid=M3w2NjY4NjN8MHwxfHNlYXJjaHwxfHxIYWl0aXxlbnwwfHx8fDE3Mjk3MDcxMDh8MA&ixlib=rb-4.0.3&q=80&w=400
Vatican City,Europe,Vatican City,,EUR,Italian,836,0,,,,https://images.unsplash.com/photo-1517655625604-e720102766b9?crop=entropy&cs=tinysrgb&fit=max&fm=jpg&ixid=M3w2NjY4NjN8MHwxfHNlYXJjaHwxfHxWYXRpY2FuJTIwQ2l0eXxlbnwwfHx8fDE3Mjk3MDcxMDh8MA&ixlib=rb-4.0.3&q=80&w=400
Honduras,North America,Tegucigalpa,Tegucigalpa,HNL,Spanish,"9,746,117","112,090",28.90%,40.00%,"9,813",https://images.unsplash.com/photo-1638336038216-da03b5a7752a?crop=entropy&cs=tinysrgb&fit=max&fm=jpg&ixid=M3w2NjY4NjN8MHwxfHNlYXJjaHwxfHxIb25kdXJhc3xlbnwwfHx8fDE3Mjk3MDcxMDl8MA&ixlib=rb-4.0.3&q=80&w=400
Hungary,Europe,Budapest,Budapest,HUF,Hungarian,"9,769,949","93,028",58.40%,22.90%,"45,537",https://images.unsplash.com/photo-1541343672885-9be56236302a?crop=entropy&cs=tinysrgb&fit=max&fm=jpg&ixid=M3w2NjY4NjN8MHwxfHNlYXJjaHwxfHxIdW5nYXJ5fGVufDB8fHx8MTcyOTcwNzEwOXww&ixlib=rb-4.0.3&q=80&w=400
Iceland,Europe,Reykjavík,Reykjavík,ISK,Icelandic,"361,313","103,000",18.70%,0.50%,"2,065",https://images.unsplash.com/photo-1517411032315-54ef2cb783bb?crop=entropy&cs=tinysrgb&fit=max&fm=jpg&ixid=M3w2NjY4NjN8MHwxfHNlYXJjaHwxfHxJY2VsYW5kfGVufDB8fHx8MTcyOTcwNzEwOXww&ixlib=rb-4.0.3&q=80&w=400
India,Asia,New Delhi,Kurebhar,INR,Hindi,"1,366,417,754","3,287,263",60.40%,23.80%,"2,407,672",https://images.unsplash.com/photo-1496372412473-e8548ffd82bc?crop=entropy&cs=tinysrgb&fit=max&fm=jpg&ixid=M3w2NjY4NjN8MHwxfHNlYXJjaHwxfHxJbmRpYXxlbnwwfHx8fDE3Mjk3MDcxMTB8MA&ixlib=rb-4.0.3&q=80&w=400
Indonesia,Asia,Jakarta,Kalimantan,IDR,Indonesian,"270,203,917","1,904,569",31.50%,49.90%,"563,325",https://images.unsplash.com/photo-1531975474574-e9d2732e8386?crop=entropy&cs=tinysrgb&fit=max&fm=jpg&ixid=M3w2NjY4NjN8MHwxfHNlYXJjaHwxfHxJbmRvbmVzaWF8ZW58MHx8fHwxNzI5NzA3MTEwfDA&ixlib=rb-4.0.3&q=80&w=400
Iran,Asia,Tehran,Tehran,IRR,Persian,"82,913,906","1,648,195",28.20%,6.60%,"661,710",https://images.unsplash.com/photo-1524693359256-077720b70144?crop=entropy&cs=tinysrgb&fit=max&fm=jpg&ixid=M3w2NjY4NjN8MHwxfHNlYXJjaHwxfHxJcmFufGVufDB8fHx8MTcyOTcwNzExMHww&ixlib=rb-4.0.3&q=80&w=400
Iraq,Asia,Baghdad,Baghdad,IQD,Arabic,"39,309,783","438,317",21.40%,1.90%,"190,061",https://i.natgeofe.com/k/34b30eaf-11e2-42a7-9333-05dbd0c4bf95/iraq-man-on-steps.jpg
Israel,Asia,Jerusalem,Jerusalem,ILS,Hebrew,"9,053,300","20,770",24.60%,7.70%,"65,166",https://dynamic-media-cdn.tripadvisor.com/media/photo-o/0c/4f/eb/f8/2016.jpg?w=1200&h=700&s=1
Italy,Europe,Rome,Rome,EUR,Italian,"60,297,396","301,340",43.20%,31.80%,"320,411",https://images.unsplash.com/photo-1516483638261-f4dbaf036963?crop=entropy&cs=tinysrgb&fit=max&fm=jpg&ixid=M3w2NjY4NjN8MHwxfHNlYXJjaHwxfHxJdGFseXxlbnwwfHx8fDE3Mjk3MDcxMTF8MA&ixlib=rb-4.0.3&q=80&w=400
Jamaica,North America,"Kingston, Jamaica","Kingston, Jamaica",JMD,Jamaican English,"2,948,279","10,991",41.00%,30.90%,"8,225",https://images.unsplash.com/photo-1533704486206-88fd26c3cdfd?crop=entropy&cs=tinysrgb&fit=max&fm=jpg&ixid=M3w2NjY4NjN8MHwxfHNlYXJjaHwxfHxKYW1haWNhfGVufDB8fHx8MTcyOTcwNzExMXww&ixlib=rb-4.0.3&q=80&w=400
Japan,Asia,Tokyo,Tokyo,JPY,Japanese,"126,226,568","377,944",12.30%,68.50%,"1,135,886",https://images.unsplash.com/photo-1524413840807-0c3cb6fa808d?crop=entropy&cs=tinysrgb&fit=max&fm=jpg&ixid=M3w2NjY4NjN8MHwxfHNlYXJjaHwxfHxKYXBhbnxlbnwwfHx8fDE3Mjk3MDcxMTJ8MA&ixlib=rb-4.0.3&q=80&w=400
Jordan,Asia,Amman,Amman,JOD,Arabic,"10,101,694","89,342",12.00%,1.10%,"25,108",https://images.unsplash.com/photo-1532336414038-cf19250c5757?crop=entropy&cs=tinysrgb&fit=max&fm=jpg&ixid=M3w2NjY4NjN8MHwxfHNlYXJjaHwxfHxKb3JkYW58ZW58MHx8fHwxNzI5NzA3MTEyfDA&ixlib=rb-4.0.3&q=80&w=400
Kazakhstan,Asia,Astana,Almaty,KZT,Russian,"18,513,930","2,724,900",80.40%,1.20%,"247,207",https://www.rjtravelagency.com/wp-content/uploads/2023/10/Kazakhstan-2.jpg
Kenya,Africa,Nairobi,Nairobi,KES,Swahili,"52,573,973","580,367",48.50%,7.80%,"17,910",https://images.unsplash.com/photo-1489392191049-fc10c97e64b6?crop=entropy&cs=tinysrgb&fit=max&fm=jpg&ixid=M3w2NjY4NjN8MHwxfHNlYXJjaHwxfHxLZW55YXxlbnwwfHx8fDE3Mjk3MDcxMTJ8MA&ixlib=rb-4.0.3&q=80&w=400
Kiribati,Oceania,South Tarawa,South Tarawa,AUD,English,"117,606",811,42.00%,15.00%,66,https://images.unsplash.com/photo-1639189868821-da1ec1adac93?crop=entropy&cs=tinysrgb&fit=max&fm=jpg&ixid=M3w2NjY4NjN8MHwxfHNlYXJjaHwxfHxLaXJpYmF0aXxlbnwwfHx8fDE3Mjk3MDcxMTN8MA&ixlib=rb-4.0.3&q=80&w=400
Kuwait,Asia,Kuwait City,Kuwait City,KWD,Modern Standard Arabic,"4,207,083","17,818",8.40%,0.40%,"98,734",https://cdn.britannica.com/50/193450-050-823D5D52/Kuwait-city.jpg
Kyrgyzstan,Asia,Bishkek,Bishkek,KGS,Russian,"6,456,900","199,951",55.00%,3.30%,"9,787",https://images.unsplash.com/photo-1489421382202-f7ec0cfd96f7?crop=entropy&cs=tinysrgb&fit=max&fm=jpg&ixid=M3w2NjY4NjN8MHwxfHNlYXJjaHwxfHxLeXJneXpzdGFufGVufDB8fHx8MTcyOTcwNzExM3ww&ixlib=rb-4.0.3&q=80&w=400
Laos,Asia,Vientiane,Vientiane,LAK,Lao,"7,169,455","236,800",10.30%,82.10%,"17,763",https://images.unsplash.com/photo-1554879008-5a4fdf6a77a4?crop=entropy&cs=tinysrgb&fit=max&fm=jpg&ixid=M3w2NjY4NjN8MHwxfHNlYXJjaHwxfHxMYW9zfGVufDB8fHx8MTcyOTcwNzExNHww&ixlib=rb-4.0.3&q=80&w=400
Latvia,Europe,Riga,Riga,EUR,Latvian,"1,912,789","64,589",31.10%,54.00%,"7,004",https://images.unsplash.com/photo-1522054541898-adc6abd570e5?crop=entropy&cs=tinysrgb&fit=max&fm=jpg&ixid=M3w2NjY4NjN8MHwxfHNlYXJjaHwxfHxMYXR2aWF8ZW58MHx8fHwxNzI5NzA3MTE0fDA&ixlib=rb-4.0.3&q=80&w=400
Lebanon,Asia,Beirut,"Tripoli, Lebanon",LBP,Arabic,"6,855,713","10,400",64.30%,13.40%,"24,796",https://images.unsplash.com/photo-1501960645408-12c9bcfca49f?crop=entropy&cs=tinysrgb&fit=max&fm=jpg&ixid=M3w2NjY4NjN8MHwxfHNlYXJjaHwxfHxMZWJhbm9ufGVufDB8fHx8MTcyOTcwNzExNHww&ixlib=rb-4.0.3&q=80&w=400
Lesotho,Africa,Maseru,Maseru,LSL,English,"2,125,268","30,355",77.60%,1.60%,"2,512",https://images.unsplash.com/photo-1531395512293-e110f53f63dc?crop=entropy&cs=tinysrgb&fit=max&fm=jpg&ixid=M3w2NjY4NjN8MHwxfHNlYXJjaHwxfHxMZXNvdGhvfGVufDB8fHx8MTcyOTcwNzExNHww&ixlib=rb-4.0.3&q=80&w=400
Liberia,Africa,Monrovia,Monrovia,LRD,English,"4,937,374","111,369",28.00%,43.10%,"1,386",https://images.unsplash.com/photo-1723593638247-0dfd1c759997?crop=entropy&cs=tinysrgb&fit=max&fm=jpg&ixid=M3w2NjY4NjN8MHwxfHNlYXJjaHwxfHxMaWJlcmlhfGVufDB8fHx8MTcyOTcwNzExNXww&ixlib=rb-4.0.3&q=80&w=400
Libya,Africa,,,LYD,Arabic,"6,777,452","1,759,540",8.70%,0.10%,"50,564",https://i.natgeofe.com/k/78c322ca-f4b0-433c-8273-3652cdd7a457/libya-tripoli.jpg?wp=1&w=1084.125&h=609
Liechtenstein,Europe,Vaduz,Schaan,CHF,German,"38,019",160,32.20%,43.10%,51,https://images.unsplash.com/photo-1517351043160-ce39b41daa19?crop=entropy&cs=tinysrgb&fit=max&fm=jpg&ixid=M3w2NjY4NjN8MHwxfHNlYXJjaHwxfHxMaWVjaHRlbnN0ZWlufGVufDB8fHx8MTcyOTcwNzExNnww&ixlib=rb-4.0.3&q=80&w=400
Lithuania,Europe,Vilnius,Vilnius,EUR,Lithuanian,"2,786,844","65,300",47.20%,34.80%,"12,963",https://tucan.travel/wp-content/uploads/2024/06/trakai-castle-lithuania-shutterstock_762676237_6ea9aa485b-1024x767.jpeg
Luxembourg,Europe,Luxembourg City,Luxembourg City,EUR,Luxembourgish,"645,397","2,586",53.70%,35.70%,"8,988",https://images.unsplash.com/photo-1456051580611-e193e8fb2cc9?crop=entropy&cs=tinysrgb&fit=max&fm=jpg&ixid=M3w2NjY4NjN8MHwxfHNlYXJjaHwxfHxMdXhlbWJvdXJnfGVufDB8fHx8MTcyOTcwNzExNnww&ixlib=rb-4.0.3&q=80&w=400
Madagascar,Africa,Antananarivo,Antananarivo,MGA,French,"26,969,307","587,041",71.20%,21.40%,"3,905",https://images.unsplash.com/photo-1504598578017-40d9b776f1bc?crop=entropy&cs=tinysrgb&fit=max&fm=jpg&ixid=M3w2NjY4NjN8MHwxfHNlYXJjaHwxfHxNYWRhZ2FzY2FyfGVufDB8fHx8MTcyOTcwNzExN3ww&ixlib=rb-4.0.3&q=80&w=400
Malawi,Africa,Lilongwe,Lilongwe,MWK,English,"18,628,747","118,484",61.40%,33.20%,"1,298",https://cdn.britannica.com/18/122918-050-8D0133BC/Mulanje-Mountains-Malawi.jpg
Malaysia,Asia,Kuala Lumpur,Johor Bahru,MYR,Malaysian language,"32,447,385","329,847",26.30%,67.60%,"248,289",https://images.unsplash.com/photo-1508062878650-88b52897f298?crop=entropy&cs=tinysrgb&fit=max&fm=jpg&ixid=M3w2NjY4NjN8MHwxfHNlYXJjaHwxfHxNYWxheXNpYXxlbnwwfHx8fDE3Mjk3MDcxMTd8MA&ixlib=rb-4.0.3&q=80&w=400
Maldives,Asia,Malé,Malé,MVR,Divehi,"530,953",298,26.30%,3.30%,"1,445",https://dynamic-media-cdn.tripadvisor.com/media/photo-o/2b/0c/de/66/caption.jpg?w=1200&h=1600&s=1
Mali,Africa,Bamako,Bamako,XOF,French,"19,658,031","1,240,192",33.80%,3.80%,"3,179",https://images.unsplash.com/photo-1663602535131-e1936a6f368a?crop=entropy&cs=tinysrgb&fit=max&fm=jpg&ixid=M3w2NjY4NjN8MHwxfHNlYXJjaHwxfHxNYWxpfGVufDB8fHx8MTcyOTcwNzExOHww&ixlib=rb-4.0.3&q=80&w=400
Malta,Europe,Valletta,Birkirkara,EUR,Maltese,"502,653",316,32.40%,1.10%,"1,342",https://images.unsplash.com/photo-1522307617379-e982f8754d27?crop=entropy&cs=tinysrgb&fit=max&fm=jpg&ixid=M3w2NjY4NjN8MHwxfHNlYXJjaHwxfHxNYWx0YXxlbnwwfHx8fDE3Mjk3MDcxMTh8MA&ixlib=rb-4.0.3&q=80&w=400
Marshall Islands,Oceania,Majuro,Majuro,USD,Marshallese,"58,791",181,63.90%,70.20%,143,https://images.unsplash.com/photo-1553709724-ccfb0930663f?crop=entropy&cs=tinysrgb&fit=max&fm=jpg&ixid=M3w2NjY4NjN8MHwxfHNlYXJjaHwxfHxNYXJzaGFsbCUyMElzbGFuZHN8ZW58MHx8fHwxNzI5NzA3MTE4fDA&ixlib=rb-4.0.3&q=80&w=400
Mauritania,Africa,Nouakchott,Nouakchott,MRU,Arabic,"4,525,696","1,030,700",38.50%,0.20%,"2,739",https://images.unsplash.com/photo-1602463404895-018a2432cf60?crop=entropy&cs=tinysrgb&fit=max&fm=jpg&ixid=M3w2NjY4NjN8MHwxfHNlYXJjaHwxfHxNYXVyaXRhbmlhfGVufDB8fHx8MTcyOTcxMTc0N3ww&ixlib=rb-4.0.3&q=80&w=400
Mauritius,Africa,Port Louis,Port Louis,MUR,French,"1,265,711","2,040",42.40%,19.00%,"4,349",https://images.unsplash.com/photo-1513415277900-a62401e19be4?crop=entropy&cs=tinysrgb&fit=max&fm=jpg&ixid=M3w2NjY4NjN8MHwxfHNlYXJjaHwxfHxNYXVyaXRpdXN8ZW58MHx8fHwxNzI5NzExNzQ3fDA&ixlib=rb-4.0.3&q=80&w=400
Mexico,North America,Mexico City,Mexico City,MXN,Spanish,"126,014,024","1,964,375",54.60%,33.90%,"486,406",https://images.unsplash.com/photo-1518105779142-d975f22f1b0a?crop=entropy&cs=tinysrgb&fit=max&fm=jpg&ixid=M3w2NjY4NjN8MHwxfHNlYXJjaHwxfHxNZXhpY298ZW58MHx8fHwxNzI5NzExNzQ3fDA&ixlib=rb-4.0.3&q=80&w=400
Moldova,Europe,Chișinău,Chișinău,MDL,Romanian,"2,657,637","33,851",74.20%,12.60%,"5,115",https://images.unsplash.com/photo-1620673504048-d2899f20de1c?crop=entropy&cs=tinysrgb&fit=max&fm=jpg&ixid=M3w2NjY4NjN8MHwxfHNlYXJjaHwxfHxNb2xkb3ZhfGVufDB8fHx8MTcyOTcxMTc0OHww&ixlib=rb-4.0.3&q=80&w=400
Monaco,Europe,Monaco City,Monaco City,EUR,French,"38,964",2,,,,https://fn.no/assets/images/Land/Toppbilder-med-kreditering/_thumb900x600/Monaco-foto-Unsplash-Julien-Lanoy.jpg
Mongolia,Asia,Ulaanbaatar,Ulaanbaatar,MNT,Mongolian,"3,225,167","1,564,116",71.50%,8.00%,"25,368",https://2017-2021.state.gov/wp-content/uploads/2019/04/Mongolia-2109x1406.jpg
Montenegro,Europe,Podgorica,Podgorica,EUR,Montenegrin language,"622,137","13,812",19.00%,61.50%,"2,017",https://images.unsplash.com/photo-1529592936026-7846d2a89e8b?crop=entropy&cs=tinysrgb&fit=max&fm=jpg&ixid=M3w2NjY4NjN8MHwxfHNlYXJjaHwxfHxNb250ZW5lZ3JvfGVufDB8fHx8MTcyOTcxMTc0OHww&ixlib=rb-4.0.3&q=80&w=400
Morocco,Africa,Rabat,Casablanca,MAD,Arabic,"36,910,560","446,550",68.50%,12.60%,"61,276",https://images.unsplash.com/photo-1517315403381-a12569a9da85?crop=entropy&cs=tinysrgb&fit=max&fm=jpg&ixid=M3w2NjY4NjN8MHwxfHNlYXJjaHwxfHxNb3JvY2NvfGVufDB8fHx8MTcyOTcxMTc0OXww&ixlib=rb-4.0.3&q=80&w=400
Mozambique,Africa,Maputo,Maputo,MZN,Portuguese,"30,366,036","799,380",63.50%,48.00%,"7,943",https://images.unsplash.com/photo-1585047402751-f34c6585033f?crop=entropy&cs=tinysrgb&fit=max&fm=jpg&ixid=M3w2NjY4NjN8MHwxfHNlYXJjaHwxfHxNb3phbWJpcXVlfGVufDB8fHx8MTcyOTcxMTc0OXww&ixlib=rb-4.0.3&q=80&w=400
Namibia,Africa,Windhoek,Windhoek,NAD,English,"2,494,530","824,292",47.10%,8.30%,"4,228",https://images.unsplash.com/photo-1563985336376-568060942b80?crop=entropy&cs=tinysrgb&fit=max&fm=jpg&ixid=M3w2NjY4NjN8MHwxfHNlYXJjaHwxfHxOYW1pYmlhfGVufDB8fHx8MTcyOTcxMTc0OXww&ixlib=rb-4.0.3&q=80&w=400
Nauru,Oceania,Yaren District,,AUD,English,"10,084",21,,,,https://images.unsplash.com/photo-1553947315-42cee3c8c771?crop=entropy&cs=tinysrgb&fit=max&fm=jpg&ixid=M3w2NjY4NjN8MHwxfHNlYXJjaHwxfHxOYXVydXxlbnwwfHx8fDE3Mjk3MTE3NTB8MA&ixlib=rb-4.0.3&q=80&w=400
Nepal,Asia,Kathmandu,Kathmandu,NPR,Nepali,"28,608,710","147,181",28.70%,25.40%,"9,105",https://images.unsplash.com/photo-1516477485464-abbcea8f9b1f?crop=entropy&cs=tinysrgb&fit=max&fm=jpg&ixid=M3w2NjY4NjN8MHwxfHNlYXJjaHwxfHxOZXBhbHxlbnwwfHx8fDE3Mjk3MTE3NTB8MA&ixlib=rb-4.0.3&q=80&w=400
Netherlands,Europe,Amsterdam,Amsterdam,EUR,Dutch,"17,332,850","41,543",53.30%,11.20%,"170,780",https://images.unsplash.com/photo-1640105554439-72c82d1856b6?crop=entropy&cs=tinysrgb&fit=max&fm=jpg&ixid=M3w2NjY4NjN8MHwxfHNlYXJjaHwxfHxOZXRoZXJsYW5kc3xlbnwwfHx8fDE3Mjk3MTE3NTB8MA&ixlib=rb-4.0.3&q=80&w=400
New Zealand,Oceania,Wellington,Auckland,NZD,English,"4,841,000","268,838",40.50%,38.60%,"34,382",https://images.unsplash.com/photo-1465056836041-7f43ac27dcb5?crop=entropy&cs=tinysrgb&fit=max&fm=jpg&ixid=M3w2NjY4NjN8MHwxfHNlYXJjaHwxfHxOZXclMjBaZWFsYW5kfGVufDB8fHx8MTcyOTcxMTc1MXww&ixlib=rb-4.0.3&q=80&w=400
Nicaragua,North America,Managua,Managua,NIO,Spanish,"6,545,502","130,370",42.10%,25.90%,"5,592",https://images.unsplash.com/photo-1494444753080-e0d457fa3563?crop=entropy&cs=tinysrgb&fit=max&fm=jpg&ixid=M3w2NjY4NjN8MHwxfHNlYXJjaHwxfHxOaWNhcmFndWF8ZW58MHx8fHwxNzI5NzExNzUxfDA&ixlib=rb-4.0.3&q=80&w=400
Niger,Africa,Niamey,Niamey,XOF,French,"23,310,715","1,267,000",36.10%,0.90%,"2,017",https://images.unsplash.com/photo-1678652782392-77986adeebb7?crop=entropy&cs=tinysrgb&fit=max&fm=jpg&ixid=M3w2NjY4NjN8MHwxfHNlYXJjaHwxfHxOaWdlcnxlbnwwfHx8fDE3Mjk3MTE3NTF8MA&ixlib=rb-4.0.3&q=80&w=400
Nigeria,Africa,Abuja,Lagos,NGN,English,"200,963,599","923,768",77.70%,7.20%,"120,369",https://www.kids-world-travel-guide.com/images/nigeria_lagos_Tayvay.jpg
North Korea,Asia,Pyongyang,Pyongyang,KPW,Korean,"25,666,161","120,538",21.80%,40.70%,"28,284",https://images.unsplash.com/photo-1604359896927-0610b7a3a2be?crop=entropy&cs=tinysrgb&fit=max&fm=jpg&ixid=M3w2NjY4NjN8MHwxfHNlYXJjaHwxfHxOb3J0aCUyMEtvcmVhfGVufDB8fHx8MTcyOTcxMTc1Mnww&ixlib=rb-4.0.3&q=80&w=400
Norway,Europe,Oslo,Oslo,NOK,Norwegian,"5,347,896","323,802",2.70%,33.20%,"41,023",https://images.unsplash.com/photo-1526080676457-4544bf0ebba9?crop=entropy&cs=tinysrgb&fit=max&fm=jpg&ixid=M3w2NjY4NjN8MHwxfHNlYXJjaHwxfHxOb3J3YXl8ZW58MHx8fHwxNzI5NzExNzUyfDA&ixlib=rb-4.0.3&q=80&w=400
Oman,Asia,Muscat,Seeb,OMR,Arabic,"5,266,535","309,500",4.60%,0.00%,"63,457",https://images.unsplash.com/flagged/photo-1550489518-40f49ba4bf20?crop=entropy&cs=tinysrgb&fit=max&fm=jpg&ixid=M3w2NjY4NjN8MHwxfHNlYXJjaHwxfHxPbWFufGVufDB8fHx8MTcyOTcxMTc1M3ww&ixlib=rb-4.0.3&q=80&w=400
Pakistan,Asia,Islamabad,Karachi,PKR,Urdu,"216,565,318","796,095",47.80%,1.90%,"201,150",https://images.unsplash.com/photo-1472176432305-8b7d727b79de?crop=entropy&cs=tinysrgb&fit=max&fm=jpg&ixid=M3w2NjY4NjN8MHwxfHNlYXJjaHwxfHxQYWtpc3RhbnxlbnwwfHx8fDE3Mjk3MTE3NTN8MA&ixlib=rb-4.0.3&q=80&w=400
Palau,Oceania,Ngerulmud,Koror,USD,English,"18,233",459,10.90%,87.60%,224,https://images.unsplash.com/photo-1605462017733-900e3600f3fc?crop=entropy&cs=tinysrgb&fit=max&fm=jpg&ixid=M3w2NjY4NjN8MHwxfHNlYXJjaHwxfHxQYWxhdXxlbnwwfHx8fDE3Mjk3MTE3NTN8MA&ixlib=rb-4.0.3&q=80&w=400
Panama,North America,Panama City,Panama City,PAB,Spanish,"4,246,439","75,420",30.40%,61.90%,"10,715",https://images.unsplash.com/photo-1517154868524-c6b5fbd62a1c?crop=entropy&cs=tinysrgb&fit=max&fm=jpg&ixid=M3w2NjY4NjN8MHwxfHNlYXJjaHwxfHxQYW5hbWF8ZW58MHx8fHwxNzI5NzExNzUzfDA&ixlib=rb-4.0.3&q=80&w=400
Papua New Guinea,Oceania,Port Moresby,Port Moresby,PGK,Tok Pisin,"8,776,109","462,840",2.60%,74.10%,"7,536",https://dynamic-media-cdn.tripadvisor.com/media/photo-o/0d/99/3a/7a/uratu-island-while-snorkelling.jpg?w=1200&h=700&s=1
Paraguay,South America,Asunción,Ciudad del Este,PYG,Spanish,"7,044,636","406,752",55.10%,37.70%,"7,407",https://images.unsplash.com/photo-1646097009669-4779e34e5dd5?crop=entropy&cs=tinysrgb&fit=max&fm=jpg&ixid=M3w2NjY4NjN8MHwxfHNlYXJjaHwxfHxQYXJhZ3VheXxlbnwwfHx8fDE3Mjk3MTE3NTR8MA&ixlib=rb-4.0.3&q=80&w=400
Peru,South America,Lima,Lima,PEN,Spanish,"32,510,453","1,285,216",18.50%,57.70%,"57,414",https://images.unsplash.com/photo-1473455811944-fdd1b0f282f3?crop=entropy&cs=tinysrgb&fit=max&fm=jpg&ixid=M3w2NjY4NjN8MHwxfHNlYXJjaHwxfHxQZXJ1fGVufDB8fHx8MTcyOTcxMTc1NHww&ixlib=rb-4.0.3&q=80&w=400
Philippines,Asia,Manila,Manila,PHP,English,"108,116,615","300,000",41.70%,27.80%,"122,287",https://images.unsplash.com/photo-1509850629763-f55dbe6a607e?crop=entropy&cs=tinysrgb&fit=max&fm=jpg&ixid=M3w2NjY4NjN8MHwxfHNlYXJjaHwxfHxQaGlsaXBwaW5lc3xlbnwwfHx8fDE3Mjk3MTE3NTV8MA&ixlib=rb-4.0.3&q=80&w=400
Poland,Europe,Warsaw,Warsaw,PLN,Polish,"37,970,874","312,685",46.90%,30.90%,"299,037",https://images.unsplash.com/photo-1519197924294-4ba991a11128?crop=entropy&cs=tinysrgb&fit=max&fm=jpg&ixid=M3w2NjY4NjN8MHwxfHNlYXJjaHwxfHxQb2xhbmR8ZW58MHx8fHwxNzI5NzExNzU1fDA&ixlib=rb-4.0.3&q=80&w=400
Portugal,Europe,Lisbon,Lisbon,EUR,Portuguese,"10,269,417","92,212",39.50%,34.60%,"48,742",https://images.unsplash.com/photo-1511968822213-92de73315bba?crop=entropy&cs=tinysrgb&fit=max&fm=jpg&ixid=M3w2NjY4NjN8MHwxfHNlYXJjaHwxfHxQb3J0dWdhbHxlbnwwfHx8fDE3Mjk3MTE3NTV8MA&ixlib=rb-4.0.3&q=80&w=400
Qatar,Asia,Doha,Doha,QAR,Arabic,"2,832,067","11,586",5.80%,0.00%,"103,259",https://images.unsplash.com/photo-1507904139316-3c7422a97a49?crop=entropy&cs=tinysrgb&fit=max&fm=jpg&ixid=M3w2NjY4NjN8MHwxfHNlYXJjaHwxfHxRYXRhcnxlbnwwfHx8fDE3Mjk3MTE3NTV8MA&ixlib=rb-4.0.3&q=80&w=400
Romania,Europe,Bucharest,Bucharest,RON,Romanian,"19,356,544","238,391",58.80%,30.10%,"69,259",https://images.unsplash.com/photo-1534371020656-6b85825f2b1a?crop=entropy&cs=tinysrgb&fit=max&fm=jpg&ixid=M3w2NjY4NjN8MHwxfHNlYXJjaHwxfHxSb21hbmlhfGVufDB8fHx8MTcyOTcxMTc1Nnww&ixlib=rb-4.0.3&q=80&w=400
Russia,Asia,Moscow,Moscow,RUB,Russian,"144,373,535","17,098,240",13.30%,49.80%,"1,732,027",https://images.unsplash.com/photo-1513326738677-b964603b136d?crop=entropy&cs=tinysrgb&fit=max&fm=jpg&ixid=M3w2NjY4NjN8MHwxfHNlYXJjaHwxfHxSdXNzaWF8ZW58MHx8fHwxNzI5NzExNzU2fDA&ixlib=rb-4.0.3&q=80&w=400
Rwanda,Africa,Kigali,Kigali,RWF,Swahili,"12,626,950","26,338",73.40%,19.70%,"1,115",https://www.lartisien.com/blog/wp-content/uploads/2023/07/AdobeStock_253445655-1024x682.jpeg
Saint Kitts and Nevis,North America,Basseterre,Basseterre,XCD,English,"52,823",261,23.10%,42.30%,238,https://images.unsplash.com/photo-1639222819309-f5b6e4f5e60a?crop=entropy&cs=tinysrgb&fit=max&fm=jpg&ixid=M3w2NjY4NjN8MHwxfHNlYXJjaHwxfHxTYWludCUyMEtpdHRzJTIwYW5kJTIwTmV2aXN8ZW58MHx8fHwxNzI5NzExNzU3fDA&ixlib=rb-4.0.3&q=80&w=400
Saint Lucia,North America,Castries,Castries,XCD,English,"182,790",616,17.40%,33.20%,414,https://images.unsplash.com/photo-1471995606044-d5222f0f91d2?crop=entropy&cs=tinysrgb&fit=max&fm=jpg&ixid=M3w2NjY4NjN8MHwxfHNlYXJjaHwxfHxTYWludCUyMEx1Y2lhfGVufDB8fHx8MTcyOTcxMTc1N3ww&ixlib=rb-4.0.3&q=80&w=400
Saint Vincent and the Grenadines,North America,Kingstown,Calliaqua,XCD,English,"100,455",389,25.60%,69.20%,220,https://images.unsplash.com/photo-1676768927915-64955c191d30?crop=entropy&cs=tinysrgb&fit=max&fm=jpg&ixid=M3w2NjY4NjN8MHwxfHNlYXJjaHwxfHxTYWludCUyMFZpbmNlbnQlMjBhbmQlMjB0aGUlMjBHcmVuYWRpbmVzfGVufDB8fHx8MTcyOTcxMTc1N3ww&ixlib=rb-4.0.3&q=80&w=400
Samoa,Oceania,Apia,Apia,WST,Samoan,"202,506","2,831",12.40%,60.40%,246,https://images.unsplash.com/photo-1714459823383-185aeb1c1f21?crop=entropy&cs=tinysrgb&fit=max&fm=jpg&ixid=M3w2NjY4NjN8MHwxfHNlYXJjaHwxfHxTYW1vYXxlbnwwfHx8fDE3Mjk3MTE3NTh8MA&ixlib=rb-4.0.3&q=80&w=400
San Marino,Europe,City of San Marino,City of San Marino,EUR,Italian,"33,860",61,16.70%,0.00%,,https://images.unsplash.com/photo-1603731175117-002bb7e5535a?crop=entropy&cs=tinysrgb&fit=max&fm=jpg&ixid=M3w2NjY4NjN8MHwxfHNlYXJjaHwxfHxTYW4lMjBNYXJpbm98ZW58MHx8fHwxNzI5NzExNzU4fDA&ixlib=rb-4.0.3&q=80&w=400
Saudi Arabia,Asia,Riyadh,Riyadh,SAR,Arabic,"34,268,528","2,149,690",80.80%,0.50%,"563,449",https://fn.no/assets/images/Land/Toppbilder-med-kreditering/_thumb900x600/Saudi-Arabia-Foto-NTB-Shutterstock-218465543.jpg
Senegal,Africa,Dakar,Pikine,XOF,French,"16,296,364","196,722",46.10%,42.80%,"10,902",https://images.unsplash.com/photo-1528047705243-ebb19baf436f?crop=entropy&cs=tinysrgb&fit=max&fm=jpg&ixid=M3w2NjY4NjN8MHwxfHNlYXJjaHwxfHxTZW5lZ2FsfGVufDB8fHx8MTcyOTcxMTc1OXww&ixlib=rb-4.0.3&q=80&w=400
Serbia,Europe,Belgrade,Belgrade,RSD,Serbian,"6,944,975","77,474",39.30%,31.10%,"45,221",https://images.unsplash.com/photo-1584106967414-ebdb3ed3b051?crop=entropy&cs=tinysrgb&fit=max&fm=jpg&ixid=M3w2NjY4NjN8MHwxfHNlYXJjaHwxfHxTZXJiaWF8ZW58MHx8fHwxNzI5NzExNzU5fDA&ixlib=rb-4.0.3&q=80&w=400
Seychelles,Africa,"Victoria, Seychelles","Victoria, Seychelles",SCR,French,"97,625",455,3.40%,88.40%,605,https://images.unsplash.com/photo-1519549204475-438065bd441a?crop=entropy&cs=tinysrgb&fit=max&fm=jpg&ixid=M3w2NjY4NjN8MHwxfHNlYXJjaHwxfHxTZXljaGVsbGVzfGVufDB8fHx8MTcyOTcxMTc1OXww&ixlib=rb-4.0.3&q=80&w=400
Sierra Leone,Africa,Freetown,Freetown,SLL,English,"7,813,215","71,740",54.70%,43.10%,"1,093",https://www.sierra-leone.org/Photos/freetown.jpg
Singapore,Asia,,,SGD,Malay,"5,703,569",716,0.90%,23.10%,"37,535",https://images.unsplash.com/photo-1508964942454-1a56651d54ac?crop=entropy&cs=tinysrgb&fit=max&fm=jpg&ixid=M3w2NjY4NjN8MHwxfHNlYXJjaHwxfHxTaW5nYXBvcmV8ZW58MHx8fHwxNzI5NzExNzYwfDA&ixlib=rb-4.0.3&q=80&w=400
Slovakia,Europe,Bratislava,Bratislava,EUR,Slovak,"5,454,073","49,035",39.20%,40.40%,"32,424",https://images.unsplash.com/photo-1466854076813-4aa9ac0fc347?crop=entropy&cs=tinysrgb&fit=max&fm=jpg&ixid=M3w2NjY4NjN8MHwxfHNlYXJjaHwxfHxTbG92YWtpYXxlbnwwfHx8fDE3Mjk3MTE3NjB8MA&ixlib=rb-4.0.3&q=80&w=400
Slovenia,Europe,Ljubljana,Ljubljana,EUR,Slovene language,"2,087,946","20,273",30.70%,62.00%,"12,633",https://images.unsplash.com/photo-1478088913771-e3a36f50bb63?crop=entropy&cs=tinysrgb&fit=max&fm=jpg&ixid=M3w2NjY4NjN8MHwxfHNlYXJjaHwxfHxTbG92ZW5pYXxlbnwwfHx8fDE3Mjk3MTE3NjB8MA&ixlib=rb-4.0.3&q=80&w=400
Solomon Islands,Oceania,Honiara,Honiara,SBD,English,"669,823","28,896",3.90%,77.90%,169,https://images.unsplash.com/photo-1627887419093-bf2fcd9adce6?crop=entropy&cs=tinysrgb&fit=max&fm=jpg&ixid=M3w2NjY4NjN8MHwxfHNlYXJjaHwxfHxTb2xvbW9uJTIwSXNsYW5kc3xlbnwwfHx8fDE3Mjk3MTE3NjF8MA&ixlib=rb-4.0.3&q=80&w=400
Somalia,Africa,Mogadishu,Bosaso,SOS,Arabic,"15,442,905","637,657",70.30%,10.00%,645,https://images.unsplash.com/photo-1723151684036-d014403c33b2?crop=entropy&cs=tinysrgb&fit=max&fm=jpg&ixid=M3w2NjY4NjN8MHwxfHNlYXJjaHwxfHxTb21hbGlhfGVufDB8fHx8MTcyOTcxMTc2MXww&ixlib=rb-4.0.3&q=80&w=400
South Africa,Africa,Pretoria,Johannesburg,ZAR,Afrikaans,"58,558,270","1,219,090",79.80%,7.60%,"476,644",https://images.unsplash.com/photo-1496497243327-9dccd845c35f?crop=entropy&cs=tinysrgb&fit=max&fm=jpg&ixid=M3w2NjY4NjN8MHwxfHNlYXJjaHwxfHxTb3V0aCUyMEFmcmljYXxlbnwwfHx8fDE3Mjk3MTE3NjF8MA&ixlib=rb-4.0.3&q=80&w=400
South Korea,Asia,Seoul,Seoul,KRW,Korean,"51,709,098","99,720",17.40%,63.40%,"620,302",https://images.unsplash.com/photo-1535189043414-47a3c49a0bed?crop=entropy&cs=tinysrgb&fit=max&fm=jpg&ixid=M3w2NjY4NjN8MHwxfHNlYXJjaHwxfHxTb3V0aCUyMEtvcmVhfGVufDB8fHx8MTcyOTc3MjI3M3ww&ixlib=rb-4.0.3&q=80&w=400
South Sudan,Africa,Juba,Juba,SSP,English,"11,062,113","644,329",,,"1,727",https://cdn.britannica.com/92/150792-050-428244C5/Savanna-vegetation-season-South-Sudan.jpg
Spain,Europe,Madrid,Madrid,EUR,Spanish,"47,076,781","505,370",52.60%,36.90%,"244,002",https://i.natgeofe.com/k/e800ca90-2b5b-4dad-b4d7-b67a48c96c91/spain-madrid_16x9.jpg?w=1200
Sri Lanka,Asia,Colombo,Colombo,LKR,Tamil,"21,803,000","65,610",43.70%,32.90%,"23,362",https://dynamic-media-cdn.tripadvisor.com/media/photo-o/0f/ed/85/6b/um-palacio-no-topo-da.jpg?w=500&h=500&s=1
Sudan,Africa,Khartoum,Omdurman,SDG,Arabic,"42,813,238","1,861,484",28.70%,8.10%,"20,000",https://images.unsplash.com/photo-1687710952508-0b4ecad29df1?crop=entropy&cs=tinysrgb&fit=max&fm=jpg&ixid=M3w2NjY4NjN8MHwxfHNlYXJjaHwxfHxTdWRhbnxlbnwwfHx8fDE3Mjk3NzIyNzR8MA&ixlib=rb-4.0.3&q=80&w=400
Suriname,South America,Paramaribo,Paramaribo,SRD,Dutch,"581,372","163,820",0.60%,98.30%,"1,738",https://images.unsplash.com/photo-1444466194851-3b0c9f181f3d?crop=entropy&cs=tinysrgb&fit=max&fm=jpg&ixid=M3w2NjY4NjN8MHwxfHNlYXJjaHwxfHxTdXJpbmFtZXxlbnwwfHx8fDE3Mjk3NzIyNzR8MA&ixlib=rb-4.0.3&q=80&w=400
Sweden,Europe,Stockholm,Stockholm,SEK,Swedish,"10,285,453","450,295",7.40%,68.90%,"43,252",https://images.unsplash.com/photo-1509356843151-3e7d96241e11?crop=entropy&cs=tinysrgb&fit=max&fm=jpg&ixid=M3w2NjY4NjN8MHwxfHNlYXJjaHwxfHxTd2VkZW58ZW58MHx8fHwxNzI5NzcyMjc0fDA&ixlib=rb-4.0.3&q=80&w=400
Switzerland,Europe,Bern,Zurich,CHF,German,"8,574,832","41,277",38.40%,31.80%,"34,477",https://images.unsplash.com/photo-1462651567147-aa679fd1cfaf?crop=entropy&cs=tinysrgb&fit=max&fm=jpg&ixid=M3w2NjY4NjN8MHwxfHNlYXJjaHwxfHxTd2l0emVybGFuZHxlbnwwfHx8fDE3Mjk3NzIyNzV8MA&ixlib=rb-4.0.3&q=80&w=400
Syria,Asia,Damascus,Damascus,SYP,Arabic,"17,070,135","185,180",75.80%,2.70%,"28,830",https://images.unsplash.com/photo-1607778775775-d94a15c67557?crop=entropy&cs=tinysrgb&fit=max&fm=jpg&ixid=M3w2NjY4NjN8MHwxfHNlYXJjaHwxfHxTeXJpYXxlbnwwfHx8fDE3Mjk3NzIyNzV8MA&ixlib=rb-4.0.3&q=80&w=400
Tajikistan,Asia,Dushanbe,Dushanbe,TJS,Persian,"9,321,018","144,100",34.10%,3.00%,"5,310",https://images.unsplash.com/photo-1695959661674-2e376e265b44?crop=entropy&cs=tinysrgb&fit=max&fm=jpg&ixid=M3w2NjY4NjN8MHwxfHNlYXJjaHwxfHxUYWppa2lzdGFufGVufDB8fHx8MTcyOTc3MjI3NXww&ixlib=rb-4.0.3&q=80&w=400
Tanzania,Africa,Dodoma,Dar es Salaam,TZS,Swahili,"58,005,463","947,300",44.80%,51.60%,"11,973",https://images.unsplash.com/photo-1505148230895-d9a785a555fa?crop=entropy&cs=tinysrgb&fit=max&fm=jpg&ixid=M3w2NjY4NjN8MHwxfHNlYXJjaHwxfHxUYW56YW5pYXxlbnwwfHx8fDE3Mjk3NzIyNzV8MA&ixlib=rb-4.0.3&q=80&w=400
Thailand,Asia,Bangkok,Bangkok,THB,Thai,"69,625,582","513,120",43.30%,32.20%,"283,763",https://images.unsplash.com/photo-1519451241324-20b4ea2c4220?crop=entropy&cs=tinysrgb&fit=max&fm=jpg&ixid=M3w2NjY4NjN8MHwxfHNlYXJjaHwxfHxUaGFpbGFuZHxlbnwwfHx8fDE3Mjk3NzIyNzZ8MA&ixlib=rb-4.0.3&q=80&w=400
East Timor,Asia,Dili,Dili,USD,Portuguese,"3,500,000","14,874",25.60%,45.40%,495,https://images.unsplash.com/photo-1528093945414-ed85cfe03705?crop=entropy&cs=tinysrgb&fit=max&fm=jpg&ixid=M3w2NjY4NjN8MHwxfHNlYXJjaHwxfHxFYXN0JTIwVGltb3J8ZW58MHx8fHwxNzI5NzcyMjc2fDA&ixlib=rb-4.0.3&q=80&w=400
Togo,Africa,Lomé,Lomé,XOF,French,"8,082,366","56,785",70.20%,3.10%,"3,000",https://images.unsplash.com/photo-1664331746958-2e75b9c058d0?crop=entropy&cs=tinysrgb&fit=max&fm=jpg&ixid=M3w2NjY4NjN8MHwxfHNlYXJjaHwxfHxUb2dvfGVufDB8fHx8MTcyOTc3MjI3Nnww&ixlib=rb-4.0.3&q=80&w=400
Tonga,Oceania,Nuku alofa,Nuku alofa,TOP,Tongan Language,"100,209",747,45.80%,12.50%,128,https://images.unsplash.com/photo-1576380021180-4b60fb58e7ea?crop=entropy&cs=tinysrgb&fit=max&fm=jpg&ixid=M3w2NjY4NjN8MHwxfHNlYXJjaHwxfHxUb25nYXxlbnwwfHx8fDE3Mjk3NzIyNzd8MA&ixlib=rb-4.0.3&q=80&w=400
Trinidad and Tobago,North America,Port of Spain,Chaguanas,TTD,English,"1,394,973","5,128",10.50%,46.00%,"43,868",https://images.unsplash.com/photo-1636411176419-26d87ecb529e?crop=entropy&cs=tinysrgb&fit=max&fm=jpg&ixid=M3w2NjY4NjN8MHwxfHNlYXJjaHwxfHxUcmluaWRhZCUyMGFuZCUyMFRvYmFnb3xlbnwwfHx8fDE3Mjk3NzIyNzd8MA&ixlib=rb-4.0.3&q=80&w=400
Tunisia,Africa,Tunis,Tunis,TND,Arabic,"11,694,719","163,610",64.80%,6.80%,"29,937",https://cdn.britannica.com/44/59844-050-A0DACF84/coast-Gulf-of-Tunis-Tunisia-Al-Marsa.jpg
Turkey,Europe,Ankara,Istanbul,TRY,Turkish,"83,429,615","783,562",49.80%,15.40%,"372,725",https://images.unsplash.com/photo-1466442929976-97f336a657be?crop=entropy&cs=tinysrgb&fit=max&fm=jpg&ixid=M3w2NjY4NjN8MHwxfHNlYXJjaHwxfHxUdXJrZXl8ZW58MHx8fHwxNzI5NzcyMjc3fDA&ixlib=rb-4.0.3&q=80&w=400
Turkmenistan,Asia,Ashgabat,Ashgabat,TMT,Turkmen,"5,942,089","488,100",72.00%,8.80%,"70,630",https://images.unsplash.com/photo-1722177033960-a41098b567f6?crop=entropy&cs=tinysrgb&fit=max&fm=jpg&ixid=M3w2NjY4NjN8MHwxfHNlYXJjaHwxfHxUdXJrbWVuaXN0YW58ZW58MHx8fHwxNzI5NzcyMjc4fDA&ixlib=rb-4.0.3&q=80&w=400
Tuvalu,Oceania,Funafuti,Singapore,AUD,Tuvaluan Language,"11,646",26,60.00%,33.30%,11,https://images.unsplash.com/photo-1664333395514-2414fd6ac4e7?crop=entropy&cs=tinysrgb&fit=max&fm=jpg&ixid=M3w2NjY4NjN8MHwxfHNlYXJjaHwxfHxUdXZhbHV8ZW58MHx8fHwxNzI5NzcyMjc4fDA&ixlib=rb-4.0.3&q=80&w=400
Uganda,Africa,Kampala,Buganda,UGX,Swahili,"44,269,594","241,038",71.90%,9.70%,"5,680",https://destinationuganda.com/wp-content/uploads/2021/04/uganda-bunyonyi-destinations.jpg
Ukraine,Europe,Kyiv,Kyiv,UAH,Ukrainian,"44,385,155","603,550",71.70%,16.70%,"202,250",https://www.nho.no/contentassets/7888dae4b4ac42bfbab202106454ccde/glib-albovsky-sbpi02mzqxs-unsplash.jpg?mode=crop&width=600&height=480
United Arab Emirates,Asia,Abu Dhabi,Dubai,AED,Arabic,"9,770,529","83,600",5.50%,4.60%,"206,324",https://images.unsplash.com/photo-1562352051-338573274984?crop=entropy&cs=tinysrgb&fit=max&fm=jpg&ixid=M3w2NjY4NjN8MHwxfHNlYXJjaHwxfHxVbml0ZWQlMjBBcmFiJTIwRW1pcmF0ZXN8ZW58MHx8fHwxNzI5NzcyMjc5fDA&ixlib=rb-4.0.3&q=80&w=400
United Kingdom,Europe,London,London,GBP,English,"66,834,405","243,610",71.70%,13.10%,"379,025",https://dynamic-media-cdn.tripadvisor.com/media/photo-o/14/10/2f/fe/united-kingdom.jpg?w=1400&h=1400&s=1
United States,North America,"Washington, D.C.",New York City,USD,English,"328,239,523","9,833,517",44.40%,33.90%,"5,006,302",https://images.unsplash.com/photo-1553018421-c04f668c55e6?crop=entropy&cs=tinysrgb&fit=max&fm=jpg&ixid=M3w2NjY4NjN8MHwxfHNlYXJjaHwxfHxVbml0ZWQlMjBTdGF0ZXN8ZW58MHx8fHwxNzI5NzcyMjc5fDA&ixlib=rb-4.0.3&q=80&w=400
Uruguay,South America,Montevideo,Montevideo,UYU,Spanish,"3,461,734","176,215",82.60%,10.70%,"6,766",https://images.unsplash.com/photo-1598645088546-7be6695c174b?crop=entropy&cs=tinysrgb&fit=max&fm=jpg&ixid=M3w2NjY4NjN8MHwxfHNlYXJjaHwxfHxVcnVndWF5fGVufDB8fHx8MTcyOTc3MjI4MHww&ixlib=rb-4.0.3&q=80&w=400
Uzbekistan,Asia,Tashkent,Tashkent,UZS,Uzbek,"33,580,650","447,400",62.90%,7.50%,"91,811",https://images.unsplash.com/photo-1668370109951-578f78d8e688?crop=entropy&cs=tinysrgb&fit=max&fm=jpg&ixid=M3w2NjY4NjN8MHwxfHNlYXJjaHwxfHxVemJla2lzdGFufGVufDB8fHx8MTcyOTc3MjI4MHww&ixlib=rb-4.0.3&q=80&w=400
Vanuatu,Oceania,Port Vila,Port Vila,VUV,French,"299,882","12,189",15.30%,36.10%,147,https://images.unsplash.com/photo-1602587557735-27349820a311?crop=entropy&cs=tinysrgb&fit=max&fm=jpg&ixid=M3w2NjY4NjN8MHwxfHNlYXJjaHwxfHxWYW51YXR1fGVufDB8fHx8MTcyOTc3MjI4MHww&ixlib=rb-4.0.3&q=80&w=400
Venezuela,South America,Caracas,Caracas,VED,Spanish,"28,515,829","912,050",24.50%,52.70%,"164,175",https://www.state.gov/wp-content/uploads/2023/07/shutterstock_611942573v2.jpg
Vietnam,Asia,Hanoi,Ho Chi Minh City,VND,Vietnamese,"96,462,106","331,210",39.30%,48.10%,"192,668",https://images.unsplash.com/photo-1528127269322-539801943592?crop=entropy&cs=tinysrgb&fit=max&fm=jpg&ixid=M3w2NjY4NjN8MHwxfHNlYXJjaHwxfHxWaWV0bmFtfGVufDB8fHx8MTcyOTc3MjI4MXww&ixlib=rb-4.0.3&q=80&w=400
Yemen,Asia,Sanaa,Sanaa,YER,Arabic,"29,161,922","527,968",44.60%,1.00%,"10,609",https://images.unsplash.com/photo-1642425149771-17db165634d3?crop=entropy&cs=tinysrgb&fit=max&fm=jpg&ixid=M3w2NjY4NjN8MHwxfHNlYXJjaHwxfHxZZW1lbnxlbnwwfHx8fDE3Mjk3NzIyODF8MA&ixlib=rb-4.0.3&q=80&w=400
Zambia,Africa,Lusaka,Lusaka,ZMW,English,"17,861,030","752,618",32.10%,65.20%,"5,141",https://images.unsplash.com/photo-1629006801779-bbf04dbae806?crop=entropy&cs=tinysrgb&fit=max&fm=jpg&ixid=M3w2NjY4NjN8MHwxfHNlYXJjaHwxfHxaYW1iaWF8ZW58MHx8fHwxNzI5NzcyMjgxfDA&ixlib=rb-4.0.3&q=80&w=400
Zimbabwe,Africa,Harare,Harare,ZWL,Shona,"14,645,468","390,757",41.90%,35.50%,"10,983",https://images.unsplash.com/photo-1488158302608-a31885ac02ff?crop=entropy&cs=tinysrgb&fit=max&fm=jpg&ixid=M3w2NjY4NjN8MHwxfHNlYXJjaHwxfHxaaW1iYWJ3ZXxlbnwwfHx8fDE3Mjk3NzIyODJ8MA&ixlib=rb-4.0.3&q=80&w=400
